
INSERT INTO product (id, code, name, description, price, available, max_number_of_products, min_pallet_spaces) VALUES (1, 'milk', 'Milk', 'Lorem ipsum dolor sit amet, consectetur adipiscing elit. Suspendisse sollicitudin elit massa. Class aptent taciti sociosqu ad litora torquent per conubia nostra, per inceptos himenaeos. Mauris malesuada rutrum magna. Phasellus maximus nunc eget massa euismod bibendum. Phasellus justo felis, porttitor nec justo eu, vestibulum ultrices neque. Maecenas iaculis euismod tempor. Cras vel pellentesque nunc. Sed sit amet convallis dolor, eget dictum elit. Donec ut justo arcu. Vivamus tincidunt nibh ac sem lobortis semper. Cras vulputate mattis euismod. Morbi accumsan leo in leo condimentum, tincidunt pretium dui scelerisque. Morbi mi dui, vehicula vel velit eget, mattis bibendum lectus. Integer iaculis libero at arcu laoreet aliquam. Cras at libero sapien. Sed luctus erat sit amet est hendrerit faucibus. ', '1.20', true, 25, 1.2);
INSERT INTO product (id, code, name, description, price, available, max_number_of_products, min_pallet_spaces) VALUES (2, 'schoki', 'Schoggi', 'Lorem ipsum dolor sit amet, consectetur adipiscing elit. Suspendisse sollicitudin elit massa. Class aptent taciti sociosqu ad litora torquent per conubia nostra, per inceptos himenaeos. Mauris malesuada rutrum magna. Phasellus maximus nunc eget massa euismod bibendum. Phasellus justo felis, porttitor nec justo eu, vestibulum ultrices neque. Maecenas iaculis euismod tempor. Cras vel pellentesque nunc. Sed sit amet convallis dolor, eget dictum elit. Donec ut justo arcu. Vivamus tincidunt nibh ac sem lobortis semper. Cras vulputate mattis euismod. Morbi accumsan leo in leo condimentum, tincidunt pretium dui scelerisque. Morbi mi dui, vehicula vel velit eget, mattis bibendum lectus. Integer iaculis libero at arcu laoreet aliquam. Cras at libero sapien. Sed luctus erat sit amet est hendrerit faucibus. ', '2.30', false, 10, 2);
INSERT INTO product (id, code, name, description, price, available, max_number_of_products, min_pallet_spaces) VALUES (3, 'brot', 'Brot', 'Lorem ipsum dolor sit amet, consectetur adipiscing elit. Suspendisse sollicitudin elit massa. Class aptent taciti sociosqu ad litora torquent per conubia nostra, per inceptos himenaeos. Mauris malesuada rutrum magna. Phasellus maximus nunc eget massa euismod bibendum. Phasellus justo felis, porttitor nec justo eu, vestibulum ultrices neque. Maecenas iaculis euismod tempor. Cras vel pellentesque nunc. Sed sit amet convallis dolor, eget dictum elit. Donec ut justo arcu. Vivamus tincidunt nibh ac sem lobortis semper. Cras vulputate mattis euismod. Morbi accumsan leo in leo condimentum, tincidunt pretium dui scelerisque. Morbi mi dui, vehicula vel velit eget, mattis bibendum lectus. Integer iaculis libero at arcu laoreet aliquam. Cras at libero sapien. Sed luctus erat sit amet est hendrerit faucibus. ', '3.40', true, 15, 2.5);
INSERT INTO product (id, code, name, description, price, available, max_number_of_products, min_pallet_spaces) VALUES (4, 'butter', 'Butter', 'Lorem ipsum dolor sit amet, consectetur adipiscing elit. Suspendisse sollicitudin elit massa. Class aptent taciti sociosqu ad litora torquent per conubia nostra, per inceptos himenaeos. Mauris malesuada rutrum magna. Phasellus maximus nunc eget massa euismod bibendum. Phasellus justo felis, porttitor nec justo eu, vestibulum ultrices neque. Maecenas iaculis euismod tempor. Cras vel pellentesque nunc. Sed sit amet convallis dolor, eget dictum elit. Donec ut justo arcu. Vivamus tincidunt nibh ac sem lobortis semper. Cras vulputate mattis euismod. Morbi accumsan leo in leo condimentum, tincidunt pretium dui scelerisque. Morbi mi dui, vehicula vel velit eget, mattis bibendum lectus. Integer iaculis libero at arcu laoreet aliquam. Cras at libero sapien. Sed luctus erat sit amet est hendrerit faucibus. ', '5.50', true, 100, 0.8);

INSERT INTO user (id ,name, surname, street, zip_code, city, email, password, distance) VALUES (1, 'Mèller', 'Mike','Hauptstrasse 1', 8000, 'Zurich', 'm.m.@aol.com', 'password', 30);
INSERT INTO user (id ,name, surname, street, zip_code, city, email, password, distance) VALUES (2, 'Mayer', 'Georg','Nebenstrasse 21', 4000, 'Zurich', 'g.m.@aol.com', 'password', 180);

INSERT INTO shopping_cart(id) VALUES (1);
INSERT INTO shopping_cart(id) VALUES (2);

INSERT INTO shopping_cart_position (id, product_id, shopping_cart_id, quantity) VALUES (1, 1, 1, 10);
INSERT INTO shopping_cart_position (id, product_id, shopping_cart_id, quantity) VALUES (2, 2, 1, 5);
INSERT INTO shopping_cart_position (id, product_id, shopping_cart_id, quantity) VALUES (3, 1, 2, 15);
INSERT INTO shopping_cart_position (id, product_id, shopping_cart_id, quantity) VALUES (4, 3, 2, 45);

INSERT INTO purchase(id, user_id, shipped) VALUES (1, 1, true);

INSERT INTO purchase_position (id, product_id, purchase_id, quantity) VALUES (1, 1, 1, 10);
INSERT INTO purchase_position (id, product_id, purchase_id, quantity) VALUES (2, 2, 1, 5);
